﻿[{ "text": "A# .NET", "value": 0 },{ "text": "A# (Axiom)", "value": 1 },{ "text": "A-0 System", "value": 2 },{ "text": "A+", "value": 3 },{ "text": "A++", "value": 4 },{ "text": "ABAP", "value": 5 },{ "text": "ABC", "value": 6 },{ "text": "ABC ALGOL", "value": 7 },{ "text": "ABLE", "value": 8 },{ "text": "ABSET", "value": 9 },{ "text": "ABSYS", "value": 10 },{ "text": "ACC", "value": 11 },{ "text": "Accent", "value": 12 },{ "text": "Ace DASL", "value": 13 },{ "text": "ACL2", "value": 14 },{ "text": "ACT-III", "value": 15 },{ "text": "Action!", "value": 16 },{ "text": "ActionScript", "value": 17 },{ "text": "Ada", "value": 18 },{ "text": "Adenine", "value": 19 },{ "text": "Agda", "value": 20 },{ "text": "Agilent VEE", "value": 21 },{ "text": "Agora", "value": 22 },{ "text": "AIMMS", "value": 23 },{ "text": "Alef", "value": 24 },{ "text": "ALF", "value": 25 },{ "text": "ALGOL 58", "value": 26 },{ "text": "ALGOL 60", "value": 27 },{ "text": "ALGOL 68", "value": 28 },{ "text": "ALGOL W", "value": 29 },{ "text": "Alice", "value": 30 },{ "text": "Alma-0", "value": 31 },{ "text": "AmbientTalk", "value": 32 },{ "text": "Amiga E", "value": 33 },{ "text": "AMOS", "value": 34 },{ "text": "AMPL", "value": 35 },{ "text": "Apex", "value": 36 },{ "text": "APL", "value": 37 },{ "text": "App Inventor for Android's visual block language", "value": 38 },{ "text": "AppleScript", "value": 39 },{ "text": "Arc", "value": 40 },{ "text": "ARexx", "value": 41 },{ "text": "Argus", "value": 42 },{ "text": "AspectJ", "value": 43 },{ "text": "Assembly language", "value": 44 },{ "text": "ATS", "value": 45 },{ "text": "Ateji PX", "value": 46 },{ "text": "AutoHotkey", "value": 47 },{ "text": "Autocoder", "value": 48 },{ "text": "AutoIt", "value": 49 },{ "text": "AutoLISP / Visual LISP", "value": 50 },{ "text": "Averest", "value": 51 },{ "text": "AWK", "value": 52 },{ "text": "Axum", "value": 53 },{ "text": "B", "value": 54 },{ "text": "Babbage", "value": 55 },{ "text": "Bash", "value": 56 },{ "text": "BASIC", "value": 57 },{ "text": "bc", "value": 58 },{ "text": "BCPL", "value": 59 },{ "text": "BeanShell", "value": 60 },{ "text": "Batch (Windows/Dos)", "value": 61 },{ "text": "Bertrand", "value": 62 },{ "text": "BETA", "value": 63 },{ "text": "Bigwig", "value": 64 },{ "text": "Bistro", "value": 65 },{ "text": "BitC", "value": 66 },{ "text": "BLISS", "value": 67 },{ "text": "Blue", "value": 68 },{ "text": "Boo", "value": 69 },{ "text": "Boomerang", "value": 70 },{ "text": "Bourne shell", "value": 71 },{ "text": "bash", "value": 72 },{ "text": "ksh", "value": 73 },{ "text": "BREW", "value": 74 },{ "text": "BPEL", "value": 75 },{ "text": "C", "value": 76 },{ "text": "C--", "value": 77 },{ "text": "C++", "value": 78 },{ "text": "C#", "value": 79 },{ "text": "C/AL", "value": 80 },{ "text": "Caché ObjectScript", "value": 81 },{ "text": "C Shell", "value": 82 },{ "text": "Caml", "value": 83 },{ "text": "Cayenne", "value": 84 },{ "text": "CDuce", "value": 85 },{ "text": "Cecil", "value": 86 },{ "text": "Cel", "value": 87 },{ "text": "Cesil", "value": 88 },{ "text": "Ceylon", "value": 89 },{ "text": "CFEngine", "value": 90 },{ "text": "CFML", "value": 91 },{ "text": "Cg", "value": 92 },{ "text": "Ch", "value": 93 },{ "text": "Chapel", "value": 94 },{ "text": "CHAIN", "value": 95 },{ "text": "Charity", "value": 96 },{ "text": "Charm", "value": 97 },{ "text": "Chef", "value": 98 },{ "text": "CHILL", "value": 99 },{ "text": "CHIP-8", "value": 100 },{ "text": "chomski", "value": 101 },{ "text": "ChucK", "value": 102 },{ "text": "CICS", "value": 103 },{ "text": "Cilk", "value": 104 },{ "text": "CL", "value": 105 },{ "text": "Claire", "value": 106 },{ "text": "Clarion", "value": 107 },{ "text": "Clean", "value": 108 },{ "text": "Clipper", "value": 109 },{ "text": "CLIST", "value": 110 },{ "text": "Clojure", "value": 111 },{ "text": "CLU", "value": 112 },{ "text": "CMS-2", "value": 113 },{ "text": "COBOL", "value": 114 },{ "text": "Cobra", "value": 115 },{ "text": "CODE", "value": 116 },{ "text": "CoffeeScript", "value": 117 },{ "text": "Cola", "value": 118 },{ "text": "ColdC", "value": 119 },{ "text": "ColdFusion", "value": 120 },{ "text": "COMAL", "value": 121 },{ "text": "Combined Programming Language", "value": 122 },{ "text": "COMIT", "value": 123 },{ "text": "Common Intermediate Language", "value": 124 },{ "text": "Common Lisp", "value": 125 },{ "text": "COMPASS", "value": 126 },{ "text": "Component Pascal", "value": 127 },{ "text": "Constraint Handling Rules", "value": 128 },{ "text": "Converge", "value": 129 },{ "text": "Cool", "value": 130 },{ "text": "Coq", "value": 131 },{ "text": "Coral 66", "value": 132 },{ "text": "Corn", "value": 133 },{ "text": "CorVision", "value": 134 },{ "text": "COWSEL", "value": 135 },{ "text": "CPL", "value": 136 },{ "text": "csh", "value": 137 },{ "text": "CSP", "value": 138 },{ "text": "Csound", "value": 139 },{ "text": "CUDA", "value": 140 },{ "text": "Curl", "value": 141 },{ "text": "Curry", "value": 142 },{ "text": "Cyclone", "value": 143 },{ "text": "Cython", "value": 144 },{ "text": "D", "value": 145 },{ "text": "DASL", "value": 146 },{ "text": "DASL", "value": 147 },{ "text": "Dart", "value": 148 },{ "text": "DataFlex", "value": 149 },{ "text": "Datalog", "value": 150 },{ "text": "DATATRIEVE", "value": 151 },{ "text": "dBase", "value": 152 },{ "text": "dc", "value": 153 },{ "text": "DCL", "value": 154 },{ "text": "Deesel", "value": 155 },{ "text": "Delphi", "value": 156 },{ "text": "DinkC", "value": 157 },{ "text": "DIBOL", "value": 158 },{ "text": "Dog", "value": 159 },{ "text": "Draco", "value": 160 },{ "text": "DRAKON", "value": 161 },{ "text": "Dylan", "value": 162 },{ "text": "DYNAMO", "value": 163 },{ "text": "E", "value": 164 },{ "text": "E#", "value": 165 },{ "text": "Ease", "value": 166 },{ "text": "Easy PL/I", "value": 167 },{ "text": "Easy Programming Language", "value": 168 },{ "text": "EASYTRIEVE PLUS", "value": 169 },{ "text": "ECMAScript", "value": 170 },{ "text": "Edinburgh IMP", "value": 171 },{ "text": "EGL", "value": 172 },{ "text": "Eiffel", "value": 173 },{ "text": "ELAN", "value": 174 },{ "text": "Elixir", "value": 175 },{ "text": "Elm", "value": 176 },{ "text": "Emacs Lisp", "value": 177 },{ "text": "Emerald", "value": 178 },{ "text": "Epigram", "value": 179 },{ "text": "EPL", "value": 180 },{ "text": "Erlang", "value": 181 },{ "text": "es", "value": 182 },{ "text": "Escapade", "value": 183 },{ "text": "Escher", "value": 184 },{ "text": "ESPOL", "value": 185 },{ "text": "Esterel", "value": 186 },{ "text": "Etoys", "value": 187 },{ "text": "Euclid", "value": 188 },{ "text": "Euler", "value": 189 },{ "text": "Euphoria", "value": 190 },{ "text": "EusLisp Robot Programming Language", "value": 191 },{ "text": "CMS EXEC", "value": 192 },{ "text": "EXEC 2", "value": 193 },{ "text": "Executable UML", "value": 194 },{ "text": "F", "value": 195 },{ "text": "F#", "value": 196 },{ "text": "Factor", "value": 197 },{ "text": "Falcon", "value": 198 },{ "text": "Fancy", "value": 199 },{ "text": "Fantom", "value": 200 },{ "text": "FAUST", "value": 201 },{ "text": "FFP", "value": 202 },{ "text": "Fjölnir", "value": 203 },{ "text": "FL", "value": 204 },{ "text": "Flavors", "value": 205 },{ "text": "Flex", "value": 206 },{ "text": "FLOW-MATIC", "value": 207 },{ "text": "FOCAL", "value": 208 },{ "text": "FOCUS", "value": 209 },{ "text": "FOIL", "value": 210 },{ "text": "FORMAC", "value": 211 },{ "text": "@Formula", "value": 212 },{ "text": "Forth", "value": 213 },{ "text": "Fortran", "value": 214 },{ "text": "Fortress", "value": 215 },{ "text": "FoxBase", "value": 216 },{ "text": "FoxPro", "value": 217 },{ "text": "FP", "value": 218 },{ "text": "FPr", "value": 219 },{ "text": "Franz Lisp", "value": 220 },{ "text": "Frege", "value": 221 },{ "text": "F-Script", "value": 222 },{ "text": "G", "value": 223 },{ "text": "Google Apps Script", "value": 224 },{ "text": "Game Maker Language", "value": 225 },{ "text": "GameMonkey Script", "value": 226 },{ "text": "GAMS", "value": 227 },{ "text": "GAP", "value": 228 },{ "text": "G-code", "value": 229 },{ "text": "Genie", "value": 230 },{ "text": "GDL", "value": 231 },{ "text": "GJ", "value": 232 },{ "text": "GEORGE", "value": 233 },{ "text": "GLSL", "value": 234 },{ "text": "GNU E", "value": 235 },{ "text": "GM", "value": 236 },{ "text": "Go", "value": 237 },{ "text": "Go!", "value": 238 },{ "text": "GOAL", "value": 239 },{ "text": "Gödel", "value": 240 },{ "text": "Godiva", "value": 241 },{ "text": "GOM (Good Old Mad)", "value": 242 },{ "text": "Goo", "value": 243 },{ "text": "Gosu", "value": 244 },{ "text": "GOTRAN", "value": 245 },{ "text": "GPSS", "value": 246 },{ "text": "GraphTalk", "value": 247 },{ "text": "GRASS", "value": 248 },{ "text": "Groovy", "value": 249 },{ "text": "Hack (programming language)", "value": 250 },{ "text": "HAL/S", "value": 251 },{ "text": "Hamilton C shell", "value": 252 },{ "text": "Harbour", "value": 253 },{ "text": "Hartmann pipelines", "value": 254 },{ "text": "Haskell", "value": 255 },{ "text": "Haxe", "value": 256 },{ "text": "High Level Assembly", "value": 257 },{ "text": "HLSL", "value": 258 },{ "text": "Hop", "value": 259 },{ "text": "Hope", "value": 260 },{ "text": "Hugo", "value": 261 },{ "text": "Hume", "value": 262 },{ "text": "HyperTalk", "value": 263 },{ "text": "IBM Basic assembly language", "value": 264 },{ "text": "IBM HAScript", "value": 265 },{ "text": "IBM Informix-4GL", "value": 266 },{ "text": "IBM RPG", "value": 267 },{ "text": "ICI", "value": 268 },{ "text": "Icon", "value": 269 },{ "text": "Id", "value": 270 },{ "text": "IDL", "value": 271 },{ "text": "Idris", "value": 272 },{ "text": "IMP", "value": 273 },{ "text": "Inform", "value": 274 },{ "text": "Io", "value": 275 },{ "text": "Ioke", "value": 276 },{ "text": "IPL", "value": 277 },{ "text": "IPTSCRAE", "value": 278 },{ "text": "ISLISP", "value": 279 },{ "text": "ISPF", "value": 280 },{ "text": "ISWIM", "value": 281 },{ "text": "J", "value": 282 },{ "text": "J#", "value": 283 },{ "text": "J++", "value": 284 },{ "text": "JADE", "value": 285 },{ "text": "Jako", "value": 286 },{ "text": "JAL", "value": 287 },{ "text": "Janus", "value": 288 },{ "text": "JASS", "value": 289 },{ "text": "Java", "value": 290 },{ "text": "JavaScript", "value": 291 },{ "text": "JCL", "value": 292 },{ "text": "JEAN", "value": 293 },{ "text": "Join Java", "value": 294 },{ "text": "JOSS", "value": 295 },{ "text": "Joule", "value": 296 },{ "text": "JOVIAL", "value": 297 },{ "text": "Joy", "value": 298 },{ "text": "JScript", "value": 299 },{ "text": "JScript .NET", "value": 300 },{ "text": "JavaFX Script", "value": 301 },{ "text": "Julia", "value": 302 },{ "text": "Jython", "value": 303 },{ "text": "K", "value": 304 },{ "text": "Kaleidoscope", "value": 305 },{ "text": "Karel", "value": 306 },{ "text": "Karel++", "value": 307 },{ "text": "KEE", "value": 308 },{ "text": "Kixtart", "value": 309 },{ "text": "Klerer-May System", "value": 310 },{ "text": "KIF", "value": 311 },{ "text": "Kojo", "value": 312 },{ "text": "Kotlin", "value": 313 },{ "text": "KRC", "value": 314 },{ "text": "KRL", "value": 315 },{ "text": "KUKA", "value": 316 },{ "text": "KRYPTON", "value": 317 },{ "text": "ksh", "value": 318 },{ "text": "L", "value": 319 },{ "text": "L# .NET", "value": 320 },{ "text": "LabVIEW", "value": 321 },{ "text": "Ladder", "value": 322 },{ "text": "Lagoona", "value": 323 },{ "text": "LANSA", "value": 324 },{ "text": "Lasso", "value": 325 },{ "text": "LaTeX", "value": 326 },{ "text": "Lava", "value": 327 },{ "text": "LC-3", "value": 328 },{ "text": "Leda", "value": 329 },{ "text": "Legoscript", "value": 330 },{ "text": "LIL", "value": 331 },{ "text": "LilyPond", "value": 332 },{ "text": "Limbo", "value": 333 },{ "text": "Limnor", "value": 334 },{ "text": "LINC", "value": 335 },{ "text": "Lingo", "value": 336 },{ "text": "Linoleum", "value": 337 },{ "text": "LIS", "value": 338 },{ "text": "LISA", "value": 339 },{ "text": "Lisaac", "value": 340 },{ "text": "Lisp", "value": 341 },{ "text": "Lite-C", "value": 342 },{ "text": "Lithe", "value": 343 },{ "text": "Little b", "value": 344 },{ "text": "Logo", "value": 345 },{ "text": "Logtalk", "value": 346 },{ "text": "LotusScript", "value": 347 },{ "text": "LPC", "value": 348 },{ "text": "LSE", "value": 349 },{ "text": "LSL", "value": 350 },{ "text": "LiveCode", "value": 351 },{ "text": "LiveScript", "value": 352 },{ "text": "Lua", "value": 353 },{ "text": "Lucid", "value": 354 },{ "text": "Lustre", "value": 355 },{ "text": "LYaPAS", "value": 356 },{ "text": "Lynx", "value": 357 },{ "text": "M2001", "value": 358 },{ "text": "M4", "value": 359 },{ "text": "M#", "value": 360 },{ "text": "Machine code", "value": 361 },{ "text": "MAD", "value": 362 },{ "text": "MAD/I", "value": 363 },{ "text": "Magik", "value": 364 },{ "text": "Magma", "value": 365 },{ "text": "make", "value": 366 },{ "text": "Maple", "value": 367 },{ "text": "MAPPER", "value": 368 },{ "text": "MARK-IV", "value": 369 },{ "text": "Mary", "value": 370 },{ "text": "MASM Microsoft Assembly x86", "value": 371 },{ "text": "Mathematica", "value": 372 },{ "text": "MATLAB", "value": 373 },{ "text": "Maxima", "value": 374 },{ "text": "Macsyma", "value": 375 },{ "text": "Max", "value": 376 },{ "text": "MaxScript", "value": 377 },{ "text": "Maya (MEL)", "value": 378 },{ "text": "MDL", "value": 379 },{ "text": "Mercury", "value": 380 },{ "text": "Mesa", "value": 381 },{ "text": "Metacard", "value": 382 },{ "text": "Metafont", "value": 383 },{ "text": "Microcode", "value": 384 },{ "text": "MicroScript", "value": 385 },{ "text": "MIIS", "value": 386 },{ "text": "MillScript", "value": 387 },{ "text": "MIMIC", "value": 388 },{ "text": "Mirah", "value": 389 },{ "text": "Miranda", "value": 390 },{ "text": "MIVA Script", "value": 391 },{ "text": "ML", "value": 392 },{ "text": "Moby", "value": 393 },{ "text": "Model 204", "value": 394 },{ "text": "Modelica", "value": 395 },{ "text": "Modula", "value": 396 },{ "text": "Modula-2", "value": 397 },{ "text": "Modula-3", "value": 398 },{ "text": "Mohol", "value": 399 },{ "text": "MOO", "value": 400 },{ "text": "Mortran", "value": 401 },{ "text": "Mouse", "value": 402 },{ "text": "MPD", "value": 403 },{ "text": "CIL", "value": 404 },{ "text": "MSL", "value": 405 },{ "text": "MUMPS", "value": 406 },{ "text": "Mystic Programming Language", "value": 407 },{ "text": "NASM", "value": 408 },{ "text": "NATURAL", "value": 409 },{ "text": "Napier88", "value": 410 },{ "text": "Neko", "value": 411 },{ "text": "Nemerle", "value": 412 },{ "text": "nesC", "value": 413 },{ "text": "NESL", "value": 414 },{ "text": "Net.Data", "value": 415 },{ "text": "NetLogo", "value": 416 },{ "text": "NetRexx", "value": 417 },{ "text": "NewLISP", "value": 418 },{ "text": "NEWP", "value": 419 },{ "text": "Newspeak", "value": 420 },{ "text": "NewtonScript", "value": 421 },{ "text": "NGL", "value": 422 },{ "text": "Nial", "value": 423 },{ "text": "Nice", "value": 424 },{ "text": "Nickle", "value": 425 },{ "text": "Nim", "value": 426 },{ "text": "NPL", "value": 427 },{ "text": "Not eXactly C", "value": 428 },{ "text": "Not Quite C", "value": 429 },{ "text": "NSIS", "value": 430 },{ "text": "Nu", "value": 431 },{ "text": "NWScript", "value": 432 },{ "text": "NXT-G", "value": 433 },{ "text": "o:XML", "value": 434 },{ "text": "Oak", "value": 435 },{ "text": "Oberon", "value": 436 },{ "text": "OBJ2", "value": 437 },{ "text": "Object Lisp", "value": 438 },{ "text": "ObjectLOGO", "value": 439 },{ "text": "Object REXX", "value": 440 },{ "text": "Object Pascal", "value": 441 },{ "text": "Objective-C", "value": 442 },{ "text": "Objective-J", "value": 443 },{ "text": "Obliq", "value": 444 },{ "text": "OCaml", "value": 445 },{ "text": "occam", "value": 446 },{ "text": "occam-π", "value": 447 },{ "text": "Octave", "value": 448 },{ "text": "OmniMark", "value": 449 },{ "text": "Onyx", "value": 450 },{ "text": "Opa", "value": 451 },{ "text": "Opal", "value": 452 },{ "text": "OpenCL", "value": 453 },{ "text": "OpenEdge ABL", "value": 454 },{ "text": "OPL", "value": 455 },{ "text": "OPS5", "value": 456 },{ "text": "OptimJ", "value": 457 },{ "text": "Orc", "value": 458 },{ "text": "ORCA/Modula-2", "value": 459 },{ "text": "Oriel", "value": 460 },{ "text": "Orwell", "value": 461 },{ "text": "Oxygene", "value": 462 },{ "text": "Oz", "value": 463 },{ "text": "P′′", "value": 464 },{ "text": "P#", "value": 465 },{ "text": "ParaSail (programming language)", "value": 466 },{ "text": "PARI/GP", "value": 467 },{ "text": "Pascal", "value": 468 },{ "text": "PCASTL", "value": 469 },{ "text": "PCF", "value": 470 },{ "text": "PEARL", "value": 471 },{ "text": "PeopleCode", "value": 472 },{ "text": "Perl", "value": 473 },{ "text": "PDL", "value": 474 },{ "text": "Perl6", "value": 475 },{ "text": "PHP", "value": 476 },{ "text": "Phrogram", "value": 477 },{ "text": "Pico", "value": 478 },{ "text": "Picolisp", "value": 479 },{ "text": "Pict", "value": 480 },{ "text": "Pike", "value": 481 },{ "text": "PIKT", "value": 482 },{ "text": "PILOT", "value": 483 },{ "text": "Pipelines", "value": 484 },{ "text": "Pizza", "value": 485 },{ "text": "PL-11", "value": 486 },{ "text": "PL/0", "value": 487 },{ "text": "PL/B", "value": 488 },{ "text": "PL/C", "value": 489 },{ "text": "PL/I", "value": 490 },{ "text": "PL/M", "value": 491 },{ "text": "PL/P", "value": 492 },{ "text": "PL/SQL", "value": 493 },{ "text": "PL360", "value": 494 },{ "text": "PLANC", "value": 495 },{ "text": "Plankalkül", "value": 496 },{ "text": "Planner", "value": 497 },{ "text": "PLEX", "value": 498 },{ "text": "PLEXIL", "value": 499 },{ "text": "Plus", "value": 500 },{ "text": "POP-11", "value": 501 },{ "text": "PostScript", "value": 502 },{ "text": "PortablE", "value": 503 },{ "text": "Powerhouse", "value": 504 },{ "text": "PowerBuilder", "value": 505 },{ "text": "PowerShell", "value": 506 },{ "text": "PPL", "value": 507 },{ "text": "Processing", "value": 508 },{ "text": "Processing.js", "value": 509 },{ "text": "Prograph", "value": 510 },{ "text": "PROIV", "value": 511 },{ "text": "Prolog", "value": 512 },{ "text": "PROMAL", "value": 513 },{ "text": "Promela", "value": 514 },{ "text": "PROSE modeling language", "value": 515 },{ "text": "PROTEL", "value": 516 },{ "text": "ProvideX", "value": 517 },{ "text": "Pro*C", "value": 518 },{ "text": "Pure", "value": 519 },{ "text": "Python", "value": 520 },{ "text": "Q (equational programming language)", "value": 521 },{ "text": "Q (programming language from Kx Systems)", "value": 522 },{ "text": "Qalb", "value": 523 },{ "text": "QtScript", "value": 524 },{ "text": "QuakeC", "value": 525 },{ "text": "QPL", "value": 526 },{ "text": "R", "value": 527 },{ "text": "R++", "value": 528 },{ "text": "Racket", "value": 529 },{ "text": "RAPID", "value": 530 },{ "text": "Rapira", "value": 531 },{ "text": "Ratfiv", "value": 532 },{ "text": "Ratfor", "value": 533 },{ "text": "rc", "value": 534 },{ "text": "REBOL", "value": 535 },{ "text": "Red", "value": 536 },{ "text": "Redcode", "value": 537 },{ "text": "REFAL", "value": 538 },{ "text": "Reia", "value": 539 },{ "text": "Revolution", "value": 540 },{ "text": "rex", "value": 541 },{ "text": "REXX", "value": 542 },{ "text": "Rlab", "value": 543 },{ "text": "RobotC", "value": 544 },{ "text": "ROOP", "value": 545 },{ "text": "RPG", "value": 546 },{ "text": "RPL", "value": 547 },{ "text": "RSL", "value": 548 },{ "text": "RTL/2", "value": 549 },{ "text": "Ruby", "value": 550 },{ "text": "RuneScript", "value": 551 },{ "text": "Rust", "value": 552 },{ "text": "S", "value": 553 },{ "text": "S2", "value": 554 },{ "text": "S3", "value": 555 },{ "text": "S-Lang", "value": 556 },{ "text": "S-PLUS", "value": 557 },{ "text": "SA-C", "value": 558 },{ "text": "SabreTalk", "value": 559 },{ "text": "SAIL", "value": 560 },{ "text": "SALSA", "value": 561 },{ "text": "SAM76", "value": 562 },{ "text": "SAS", "value": 563 },{ "text": "SASL", "value": 564 },{ "text": "Sather", "value": 565 },{ "text": "Sawzall", "value": 566 },{ "text": "SBL", "value": 567 },{ "text": "Scala", "value": 568 },{ "text": "Scheme", "value": 569 },{ "text": "Scilab", "value": 570 },{ "text": "Scratch", "value": 571 },{ "text": "Script.NET", "value": 572 },{ "text": "Sed", "value": 573 },{ "text": "Seed7", "value": 574 },{ "text": "Self", "value": 575 },{ "text": "SenseTalk", "value": 576 },{ "text": "SequenceL", "value": 577 },{ "text": "SETL", "value": 578 },{ "text": "SIMPOL", "value": 579 },{ "text": "SIGNAL", "value": 580 },{ "text": "SiMPLE", "value": 581 },{ "text": "SIMSCRIPT", "value": 582 },{ "text": "Simula", "value": 583 },{ "text": "Simulink", "value": 584 },{ "text": "SISAL", "value": 585 },{ "text": "SLIP", "value": 586 },{ "text": "SMALL", "value": 587 },{ "text": "Smalltalk", "value": 588 },{ "text": "Small Basic", "value": 589 },{ "text": "SML", "value": 590 },{ "text": "Snap!", "value": 591 },{ "text": "SNOBOL", "value": 592 },{ "text": "SPITBOL", "value": 593 },{ "text": "Snowball", "value": 594 },{ "text": "SOL", "value": 595 },{ "text": "Span", "value": 596 },{ "text": "SPARK", "value": 597 },{ "text": "Speedcode", "value": 598 },{ "text": "SPIN", "value": 599 },{ "text": "SP/k", "value": 600 },{ "text": "SPS", "value": 601 },{ "text": "SQR", "value": 602 },{ "text": "Squeak", "value": 603 },{ "text": "Squirrel", "value": 604 },{ "text": "SR", "value": 605 },{ "text": "S/SL", "value": 606 },{ "text": "Stackless Python", "value": 607 },{ "text": "Starlogo", "value": 608 },{ "text": "Strand", "value": 609 },{ "text": "Stata", "value": 610 },{ "text": "Stateflow", "value": 611 },{ "text": "Subtext", "value": 612 },{ "text": "SuperCollider", "value": 613 },{ "text": "SuperTalk", "value": 614 },{ "text": "Swift (Apple programming language)", "value": 615 },{ "text": "Swift (parallel scripting language)", "value": 616 },{ "text": "SYMPL", "value": 617 },{ "text": "SyncCharts", "value": 618 },{ "text": "SystemVerilog", "value": 619 },{ "text": "T", "value": 620 },{ "text": "TACL", "value": 621 },{ "text": "TACPOL", "value": 622 },{ "text": "TADS", "value": 623 },{ "text": "TAL", "value": 624 },{ "text": "Tcl", "value": 625 },{ "text": "Tea", "value": 626 },{ "text": "TECO", "value": 627 },{ "text": "TELCOMP", "value": 628 },{ "text": "TeX", "value": 629 },{ "text": "TEX", "value": 630 },{ "text": "TIE", "value": 631 },{ "text": "Timber", "value": 632 },{ "text": "TMG", "value": 633 },{ "text": "Tom", "value": 634 },{ "text": "TOM", "value": 635 },{ "text": "TouchDevelop", "value": 636 },{ "text": "Topspeed", "value": 637 },{ "text": "TPU", "value": 638 },{ "text": "Trac", "value": 639 },{ "text": "TTM", "value": 640 },{ "text": "T-SQL", "value": 641 },{ "text": "TTCN", "value": 642 },{ "text": "Turing", "value": 643 },{ "text": "TUTOR", "value": 644 },{ "text": "TXL", "value": 645 },{ "text": "TypeScript", "value": 646 },{ "text": "Turbo C++", "value": 647 },{ "text": "Ubercode", "value": 648 },{ "text": "UCSD Pascal", "value": 649 },{ "text": "Umple", "value": 650 },{ "text": "Unicon", "value": 651 },{ "text": "Uniface", "value": 652 },{ "text": "UNITY", "value": 653 },{ "text": "Unix shell", "value": 654 },{ "text": "UnrealScript", "value": 655 },{ "text": "Vala", "value": 656 },{ "text": "VBA", "value": 657 },{ "text": "VBScript", "value": 658 },{ "text": "Verilog", "value": 659 },{ "text": "VHDL", "value": 660 },{ "text": "Visual Basic", "value": 661 },{ "text": "Visual Basic .NET", "value": 662 },{ "text": "Visual DataFlex", "value": 663 },{ "text": "Visual DialogScript", "value": 664 },{ "text": "Visual Fortran", "value": 665 },{ "text": "Visual FoxPro", "value": 666 },{ "text": "Visual J++", "value": 667 },{ "text": "Visual J#", "value": 668 },{ "text": "Visual Objects", "value": 669 },{ "text": "Visual Prolog", "value": 670 },{ "text": "VSXu", "value": 671 },{ "text": "Vvvv", "value": 672 },{ "text": "WATFIV, WATFOR", "value": 673 },{ "text": "WebDNA", "value": 674 },{ "text": "WebQL", "value": 675 },{ "text": "Windows PowerShell", "value": 676 },{ "text": "Winbatch", "value": 677 },{ "text": "Wolfram", "value": 678 },{ "text": "Wyvern", "value": 679 },{ "text": "X++", "value": 680 },{ "text": "X#", "value": 681 },{ "text": "X10", "value": 682 },{ "text": "XBL", "value": 683 },{ "text": "XC", "value": 684 },{ "text": "XMOS architecture", "value": 685 },{ "text": "xHarbour", "value": 686 },{ "text": "XL", "value": 687 },{ "text": "Xojo", "value": 688 },{ "text": "XOTcl", "value": 689 },{ "text": "XPL", "value": 690 },{ "text": "XPL0", "value": 691 },{ "text": "XQuery", "value": 692 },{ "text": "XSB", "value": 693 },{ "text": "XSLT", "value": 694 },{ "text": "XPath", "value": 695 },{ "text": "Xtend", "value": 696 },{ "text": "Yorick", "value": 697 },{ "text": "YQL", "value": 698 },{ "text": "Z notation", "value": 699 },{ "text": "Zeno", "value": 700 },{ "text": "ZOPL", "value": 701 },{ "text": "ZPL", "value": 702 }]